session_id,purchase_probability
4723,0.5
6836,0.5
5525,0.5
664,0.5
137,0.5
1195,0.5
11508,0.5
11215,0.5
7657,0.5
7787,0.5
8130,0.5
3583,0.5
5005,0.5
6322,0.5
5918,0.5
584,0.5
10683,0.5
9288,0.5
9915,0.5
7504,0.5
6923,0.5
1176,0.5
11593,0.5
10994,0.5
10562,0.5
9536,0.5
7323,0.5
2606,0.5
7335,0.5
12126,0.5
606,0.5
8664,0.5
875,0.5
2336,0.5
9007,0.5
5299,0.5
919,0.5
12028,0.5
7746,0.5
10197,0.5
6663,0.5
3051,0.5
10073,0.5
11799,0.5
10045,0.5
8690,0.5
4451,0.5
6784,0.5
157,0.5
9487,0.5
1160,0.5
569,0.5
2242,0.5
4791,0.5
840,0.5
6266,0.5
3528,0.5
4434,0.5
4469,0.5
321,0.5
3421,0.5
9499,0.5
12179,0.5
9505,0.5
1979,0.5
12032,0.5
5544,0.5
5359,0.5
1001,0.5
10591,0.5
11892,0.5
5454,0.5
2833,0.5
11301,0.5
11730,0.5
2801,0.5
10995,0.5
7643,0.5
7694,0.5
4935,0.5
2758,0.5
10763,0.5
10917,0.5
11473,0.5
2039,0.5
11561,0.5
9363,0.5
10042,0.5
8046,0.5
3604,0.5
11807,0.5
10177,0.5
4744,0.5
11678,0.5
8772,0.5
5923,0.5
8949,0.5
4284,0.5
6682,0.5
8184,0.5
10970,0.5
10247,0.5
56,0.5
2591,0.5
4031,0.5
1304,0.5
1193,0.5
6490,0.5
4684,0.5
7196,0.5
8260,0.5
11578,0.5
216,0.5
1623,0.5
8102,0.5
4988,0.5
6032,0.5
9231,0.5
7842,0.5
10098,0.5
9627,0.5
2427,0.5
692,0.5
8007,0.5
5047,0.5
3358,0.5
288,0.5
2597,0.5
10567,0.5
6234,0.5
9346,0.5
6108,0.5
9439,0.5
1351,0.5
10558,0.5
4875,0.5
5649,0.5
5816,0.5
7734,0.5
10129,0.5
10575,0.5
12099,0.5
2267,0.5
1105,0.5
5629,0.5
7992,0.5
11769,0.5
711,0.5
11318,0.5
966,0.5
7320,0.5
81,0.5
8898,0.5
6434,0.5
1028,0.5
10903,0.5
80,0.5
3161,0.5
681,0.5
9305,0.5
11721,0.5
11422,0.5
7413,0.5
1277,0.5
1337,0.5
11543,0.5
12025,0.5
1196,0.5
2009,0.5
5385,0.5
7463,0.5
6986,0.5
4851,0.5
1868,0.5
2440,0.5
7082,0.5
4559,0.5
6384,0.5
10131,0.5
5517,0.5
1216,0.5
3887,0.5
1349,0.5
6656,0.5
10529,0.5
9845,0.5
10625,0.5
8409,0.5
11554,0.5
1855,0.5
1445,0.5
713,0.5
879,0.5
11812,0.5
7840,0.5
5331,0.5
7911,0.5
3180,0.5
4577,0.5
6006,0.5
7287,0.5
2731,0.5
9115,0.5
3361,0.5
3738,0.5
17,0.5
8567,0.5
11027,0.5
1046,0.5
11016,0.5
10783,0.5
1010,0.5
9893,0.5
4351,0.5
12045,0.5
8991,0.5
4120,0.5
3072,0.5
1113,0.5
7127,0.5
3794,0.5
8896,0.5
2851,0.5
7907,0.5
8745,0.5
11676,0.5
1828,0.5
6914,0.5
3960,0.5
1634,0.5
7776,0.5
441,0.5
11758,0.5
2296,0.5
10275,0.5
10748,0.5
12251,0.5
8601,0.5
11466,0.5
950,0.5
10578,0.5
5940,0.5
8527,0.5
7023,0.5
3242,0.5
11153,0.5
5817,0.5
8169,0.5
7961,0.5
2210,0.5
7610,0.5
12306,0.5
8202,0.5
1757,0.5
5997,0.5
5500,0.5
5802,0.5
8414,0.5
11960,0.5
6864,0.5
5333,0.5
1038,0.5
3121,0.5
787,0.5
10870,0.5
10161,0.5
1806,0.5
3386,0.5
9282,0.5
3311,0.5
11106,0.5
11339,0.5
1042,0.5
5207,0.5
4310,0.5
7527,0.5
6307,0.5
8203,0.5
9590,0.5
76,0.5
1027,0.5
6057,0.5
2286,0.5
5390,0.5
2350,0.5
1778,0.5
6511,0.5
313,0.5
2282,0.5
2610,0.5
374,0.5
1851,0.5
7906,0.5
12309,0.5
8824,0.5
1388,0.5
8649,0.5
66,0.5
1665,0.5
1391,0.5
895,0.5
7399,0.5
1402,0.5
10928,0.5
4398,0.5
3638,0.5
1578,0.5
200,0.5
593,0.5
3190,0.5
326,0.5
5073,0.5
7608,0.5
3002,0.5
4584,0.5
8746,0.5
7576,0.5
2067,0.5
1359,0.5
8279,0.5
278,0.5
9313,0.5
2105,0.5
1825,0.5
300,0.5
2129,0.5
2369,0.5
9273,0.5
247,0.5
1873,0.5
1824,0.5
10080,0.5
10954,0.5
5003,0.5
7117,0.5
5782,0.5
2767,0.5
8175,0.5
10619,0.5
4605,0.5
9706,0.5
6047,0.5
1265,0.5
8923,0.5
8048,0.5
9064,0.5
6952,0.5
2487,0.5
2869,0.5
5611,0.5
6862,0.5
7731,0.5
1775,0.5
3128,0.5
8108,0.5
4770,0.5
3601,0.5
5656,0.5
8157,0.5
5342,0.5
3451,0.5
2177,0.5
10252,0.5
2127,0.5
6120,0.5
6624,0.5
9062,0.5
6158,0.5
4782,0.5
2884,0.5
4696,0.5
11674,0.5
5721,0.5
10528,0.5
4106,0.5
3574,0.5
359,0.5
997,0.5
6741,0.5
8727,0.5
2429,0.5
4270,0.5
5444,0.5
10121,0.5
3765,0.5
2970,0.5
3951,0.5
8492,0.5
7916,0.5
9215,0.5
10308,0.5
8481,0.5
9886,0.5
6225,0.5
8405,0.5
6383,0.5
2994,0.5
7333,0.5
5698,0.5
8844,0.5
8799,0.5
4778,0.5
859,0.5
2081,0.5
4387,0.5
11602,0.5
5567,0.5
158,0.5
3803,0.5
9138,0.5
11012,0.5
4909,0.5
2114,0.5
6478,0.5
3423,0.5
8855,0.5
141,0.5
4751,0.5
4242,0.5
10148,0.5
544,0.5
7905,0.5
8753,0.5
11337,0.5
496,0.5
568,0.5
423,0.5
10475,0.5
8640,0.5
9993,0.5
11764,0.5
850,0.5
1508,0.5
270,0.5
4267,0.5
7109,0.5
3013,0.5
9857,0.5
8256,0.5
4794,0.5
5173,0.5
8223,0.5
6349,0.5
1418,0.5
7861,0.5
3873,0.5
8512,0.5
11068,0.5
9182,0.5
2118,0.5
884,0.5
97,0.5
8308,0.5
3850,0.5
3585,0.5
8114,0.5
8101,0.5
7031,0.5
1641,0.5
9265,0.5
984,0.5
6978,0.5
5962,0.5
2284,0.5
6653,0.5
9544,0.5
9154,0.5
10662,0.5
11135,0.5
9583,0.5
4975,0.5
3891,0.5
7700,0.5
11643,0.5
8346,0.5
1777,0.5
10508,0.5
7596,0.5
2397,0.5
555,0.5
10826,0.5
11464,0.5
7080,0.5
4689,0.5
11248,0.5
5397,0.5
10013,0.5
10063,0.5
7869,0.5
10186,0.5
7460,0.5
6510,0.5
7790,0.5
1973,0.5
6946,0.5
11472,0.5
2676,0.5
3676,0.5
10602,0.5
10388,0.5
8074,0.5
10792,0.5
2602,0.5
2776,0.5
8834,0.5
9980,0.5
3591,0.5
3007,0.5
831,0.5
12102,0.5
9492,0.5
484,0.5
5821,0.5
9985,0.5
7692,0.5
11409,0.5
8877,0.5
7455,0.5
1943,0.5
10432,0.5
12115,0.5
3941,0.5
12318,0.5
11108,0.5
11916,0.5
3287,0.5
212,0.5
11964,0.5
609,0.5
10342,0.5
5402,0.5
1407,0.5
7933,0.5
10171,0.5
6235,0.5
322,0.5
11584,0.5
11006,0.5
362,0.5
10100,0.5
10722,0.5
2917,0.5
7191,0.5
5007,0.5
7012,0.5
8389,0.5
4819,0.5
1134,0.5
11175,0.5
2964,0.5
8336,0.5
9786,0.5
11786,0.5
7025,0.5
3349,0.5
10984,0.5
1927,0.5
4059,0.5
3460,0.5
8092,0.5
6823,0.5
10505,0.5
101,0.5
6675,0.5
2506,0.5
1172,0.5
2567,0.5
4293,0.5
11180,0.5
12153,0.5
4034,0.5
11359,0.5
2607,0.5
9605,0.5
10647,0.5
10559,0.5
2622,0.5
6787,0.5
9517,0.5
3892,0.5
5204,0.5
10464,0.5
5040,0.5
7702,0.5
8254,0.5
8058,0.5
952,0.5
11487,0.5
11613,0.5
5085,0.5
8180,0.5
2987,0.5
7462,0.5
11734,0.5
11052,0.5
12090,0.5
1412,0.5
4618,0.5
2991,0.5
5383,0.5
2270,0.5
4665,0.5
11436,0.5
6166,0.5
5343,0.5
4442,0.5
10283,0.5
1246,0.5
6635,0.5
3581,0.5
8540,0.5
10324,0.5
1471,0.5
4676,0.5
6316,0.5
5160,0.5
4946,0.5
1360,0.5
2278,0.5
5770,0.5
843,0.5
9121,0.5
2430,0.5
6051,0.5
10460,0.5
6227,0.5
3182,0.5
4234,0.5
6664,0.5
8006,0.5
10936,0.5
10699,0.5
7536,0.5
3844,0.5
643,0.5
6547,0.5
1423,0.5
5290,0.5
10173,0.5
2482,0.5
8533,0.5
361,0.5
2152,0.5
3522,0.5
4835,0.5
304,0.5
11555,0.5
3389,0.5
2191,0.5
8801,0.5
1519,0.5
2416,0.5
6297,0.5
4039,0.5
5237,0.5
7229,0.5
12313,0.5
11823,0.5
9821,0.5
2535,0.5
10801,0.5
400,0.5
1364,0.5
7611,0.5
1969,0.5
6785,0.5
4871,0.5
719,0.5
7154,0.5
7244,0.5
11047,0.5
4353,0.5
162,0.5
571,0.5
4742,0.5
10021,0.5
10821,0.5
561,0.5
2136,0.5
8764,0.5
2010,0.5
5274,0.5
4956,0.5
7155,0.5
7812,0.5
1300,0.5
8914,0.5
9490,0.5
152,0.5
8041,0.5
2957,0.5
7456,0.5
10738,0.5
4922,0.5
3027,0.5
3037,0.5
9372,0.5
3612,0.5
546,0.5
5388,0.5
2836,0.5
11728,0.5
4948,0.5
8097,0.5
9565,0.5
11896,0.5
6408,0.5
4445,0.5
633,0.5
10135,0.5
7902,0.5
1731,0.5
320,0.5
6913,0.5
9791,0.5
5349,0.5
8315,0.5
2134,0.5
2628,0.5
3214,0.5
1899,0.5
7081,0.5
1357,0.5
4029,0.5
1534,0.5
1902,0.5
5804,0.5
6427,0.5
7837,0.5
8294,0.5
7740,0.5
11798,0.5
12001,0.5
8482,0.5
1158,0.5
1426,0.5
623,0.5
5505,0.5
4595,0.5
1144,0.5
9898,0.5
4041,0.5
5088,0.5
3339,0.5
2250,0.5
1454,0.5
3177,0.5
8062,0.5
11662,0.5
11274,0.5
9135,0.5
4397,0.5
994,0.5
1708,0.5
9894,0.5
10701,0.5
6974,0.5
2834,0.5
3031,0.5
7002,0.5
7440,0.5
10316,0.5
4930,0.5
10000,0.5
8005,0.5
8905,0.5
4408,0.5
8554,0.5
1222,0.5
6388,0.5
8265,0.5
5413,0.5
7187,0.5
3087,0.5
10417,0.5
1994,0.5
8104,0.5
2920,0.5
6798,0.5
3994,0.5
1084,0.5
11873,0.5
11454,0.5
8956,0.5
6152,0.5
6342,0.5
7662,0.5
926,0.5
4769,0.5
2815,0.5
11606,0.5
8182,0.5
1072,0.5
8142,0.5
1773,0.5
12288,0.5
7144,0.5
2209,0.5
9360,0.5
7164,0.5
7253,0.5
7090,0.5
2435,0.5
11396,0.5
3744,0.5
8972,0.5
11541,0.5
9183,0.5
9073,0.5
10372,0.5
1703,0.5
2038,0.5
7507,0.5
11763,0.5
589,0.5
4557,0.5
10076,0.5
715,0.5
6921,0.5
2355,0.5
11672,0.5
6325,0.5
2734,0.5
7617,0.5
6230,0.5
5938,0.5
5474,0.5
7582,0.5
5202,0.5
3630,0.5
9472,0.5
11445,0.5
10905,0.5
4085,0.5
5469,0.5
10289,0.5
1463,0.5
11008,0.5
4473,0.5
7755,0.5
9849,0.5
2299,0.5
5680,0.5
2645,0.5
8732,0.5
12182,0.5
1020,0.5
11142,0.5
3659,0.5
4940,0.5
2022,0.5
10949,0.5
3712,0.5
3277,0.5
5623,0.5
11426,0.5
9319,0.5
10794,0.5
6776,0.5
1849,0.5
6558,0.5
7547,0.5
10109,0.5
1462,0.5
5523,0.5
2052,0.5
10582,0.5
9302,0.5
5662,0.5
1107,0.5
2764,0.5
4586,0.5
1034,0.5
4995,0.5
5132,0.5
6782,0.5
337,0.5
1839,0.5
4126,0.5
9401,0.5
4715,0.5
7778,0.5
10255,0.5
3207,0.5
8469,0.5
3398,0.5
754,0.5
8370,0.5
6284,0.5
3360,0.5
11288,0.5
2725,0.5
8443,0.5
4199,0.5
11909,0.5
12310,0.5
1421,0.5
4773,0.5
4096,0.5
6011,0.5
9645,0.5
6292,0.5
10428,0.5
9577,0.5
5425,0.5
10781,0.5
2655,0.5
3381,0.5
149,0.5
10816,0.5
4491,0.5
9931,0.5
11929,0.5
5944,0.5
9760,0.5
2531,0.5
1322,0.5
10068,0.5
4535,0.5
9461,0.5
4944,0.5
7489,0.5
6671,0.5
2396,0.5
760,0.5
8666,0.5
6898,0.5
11880,0.5
11577,0.5
2711,0.5
3174,0.5
7443,0.5
10242,0.5
1760,0.5
6345,0.5
1898,0.5
5478,0.5
11869,0.5
5868,0.5
5892,0.5
6445,0.5
3014,0.5
1334,0.5
10188,0.5
8031,0.5
3823,0.5
7583,0.5
3490,0.5
967,0.5
3605,0.5
4374,0.5
10009,0.5
5487,0.5
11490,0.5
194,0.5
8198,0.5
6291,0.5
8403,0.5
4937,0.5
3695,0.5
8470,0.5
9411,0.5
858,0.5
11398,0.5
3831,0.5
10056,0.5
2288,0.5
8242,0.5
7055,0.5
7393,0.5
12003,0.5
11300,0.5
6273,0.5
2932,0.5
5414,0.5
3145,0.5
12167,0.5
6113,0.5
9942,0.5
8782,0.5
3411,0.5
5112,0.5
11053,0.5
9229,0.5
6738,0.5
11860,0.5
8959,0.5
1876,0.5
1380,0.5
9433,0.5
7354,0.5
7024,0.5
4579,0.5
6769,0.5
294,0.5
5599,0.5
5403,0.5
4736,0.5
9047,0.5
1847,0.5
7317,0.5
9588,0.5
165,0.5
7997,0.5
4027,0.5
4081,0.5
8117,0.5
9932,0.5
7088,0.5
9518,0.5
11696,0.5
10152,0.5
6767,0.5
10518,0.5
10074,0.5
10687,0.5
5761,0.5
11110,0.5
10765,0.5
12189,0.5
9455,0.5
2872,0.5
5737,0.5
5377,0.5
10589,0.5
3486,0.5
4686,0.5
653,0.5
7946,0.5
10990,0.5
12010,0.5
9727,0.5
2785,0.5
3110,0.5
4190,0.5
2634,0.5
11298,0.5
3412,0.5
10898,0.5
10522,0.5
11088,0.5
5956,0.5
6982,0.5
11059,0.5
3269,0.5
1871,0.5
7820,0.5
9066,0.5
999,0.5
1417,0.5
5979,0.5
12311,0.5
8396,0.5
11479,0.5
8220,0.5
8209,0.5
2252,0.5
8791,0.5
11797,0.5
10325,0.5
1918,0.5
5477,0.5
9112,0.5
3373,0.5
3221,0.5
5873,0.5
9584,0.5
10681,0.5
224,0.5
3996,0.5
7124,0.5
9694,0.5
7570,0.5
6788,0.5
1932,0.5
8456,0.5
7712,0.5
1930,0.5
650,0.5
12,0.5
5998,0.5
9132,0.5
2846,0.5
6525,0.5
4973,0.5
8837,0.5
10798,0.5
3036,0.5
3902,0.5
6085,0.5
2800,0.5
4178,0.5
2674,0.5
4186,0.5
8178,0.5
11652,0.5
8961,0.5
4653,0.5
9131,0.5
6689,0.5
12049,0.5
6428,0.5
6441,0.5
11386,0.5
8186,0.5
12314,0.5
897,0.5
12093,0.5
12000,0.5
5888,0.5
2062,0.5
3548,0.5
418,0.5
8335,0.5
6554,0.5
6973,0.5
5799,0.5
898,0.5
6091,0.5
8136,0.5
11552,0.5
5188,0.5
7038,0.5
9705,0.5
6430,0.5
7888,0.5
1515,0.5
6261,0.5
5320,0.5
2742,0.5
4766,0.5
3442,0.5
9707,0.5
4124,0.5
10184,0.5
3044,0.5
10408,0.5
6904,0.5
8752,0.5
9503,0.5
1540,0.5
6747,0.5
11756,0.5
1368,0.5
5287,0.5
5350,0.5
6964,0.5
6111,0.5
2741,0.5
3888,0.5
11784,0.5
9899,0.5
12280,0.5
1664,0.5
4760,0.5
11757,0.5
419,0.5
7571,0.5
11416,0.5
8958,0.5
2289,0.5
2078,0.5
3584,0.5
10685,0.5
5296,0.5
4900,0.5
6588,0.5
5273,0.5
5684,0.5
7355,0.5
7875,0.5
513,0.5
995,0.5
39,0.5
8457,0.5
2371,0.5
1431,0.5
3086,0.5
5950,0.5
8741,0.5
10645,0.5
4923,0.5
10339,0.5
11668,0.5
8555,0.5
5001,0.5
10901,0.5
1013,0.5
6620,0.5
11976,0.5
1840,0.5
5881,0.5
5984,0.5
7294,0.5
5651,0.5
8033,0.5
3808,0.5
4141,0.5
2249,0.5
1350,0.5
11538,0.5
2637,0.5
12234,0.5
7479,0.5
4304,0.5
8628,0.5
8301,0.5
1218,0.5
3532,0.5
8174,0.5
2879,0.5
8483,0.5
5166,0.5
6226,0.5
2028,0.5
8321,0.5
10458,0.5
7381,0.5
8825,0.5
8706,0.5
7958,0.5
659,0.5
3280,0.5
4037,0.5
6590,0.5
5338,0.5
5327,0.5
4092,0.5
5808,0.5
10026,0.5
10911,0.5
3420,0.5
5009,0.5
9233,0.5
9459,0.5
2670,0.5
3483,0.5
2178,0.5
6348,0.5
10659,0.5
4848,0.5
8967,0.5
5878,0.5
10693,0.5
2142,0.5
120,0.5
5741,0.5
5803,0.5
3006,0.5
10976,0.5
8592,0.5
11919,0.5
9301,0.5
4928,0.5
3099,0.5
6529,0.5
1506,0.5
2752,0.5
9327,0.5
7543,0.5
1933,0.5
8082,0.5
4314,0.5
4749,0.5
7924,0.5
10125,0.5
11705,0.5
4690,0.5
9510,0.5
7395,0.5
1829,0.5
3830,0.5
6693,0.5
11283,0.5
5692,0.5
3117,0.5
9671,0.5
6055,0.5
5519,0.5
1379,0.5
1096,0.5
5432,0.5
9357,0.5
11456,0.5
5626,0.5
12138,0.5
6102,0.5
8511,0.5
2186,0.5
12139,0.5
9745,0.5
5266,0.5
10394,0.5
5046,0.5
10698,0.5
3666,0.5
2812,0.5
9963,0.5
2189,0.5
8679,0.5
4633,0.5
6553,0.5
6096,0.5
11469,0.5
10282,0.5
4236,0.5
4592,0.5
4181,0.5
11205,0.5
10705,0.5
11754,0.5
3519,0.5
9742,0.5
4724,0.5
3304,0.5
8858,0.5
5364,0.5
5795,0.5
9494,0.5
7436,0.5
7747,0.5
11152,0.5
11427,0.5
5105,0.5
3489,0.5
9570,0.5
10481,0.5
11449,0.5
1381,0.5
9145,0.5
2206,0.5
7678,0.5
4418,0.5
1800,0.5
10457,0.5
388,0.5
7481,0.5
5272,0.5
10006,0.5
2661,0.5
10329,0.5
7699,0.5
8379,0.5
1406,0.5
8230,0.5
8770,0.5
7147,0.5
3229,0.5
8768,0.5
129,0.5
1758,0.5
6752,0.5
3523,0.5
8297,0.5
3068,0.5
6035,0.5
11638,0.5
11335,0.5
7004,0.5
6204,0.5
5833,0.5
4130,0.5
3146,0.5
3139,0.5
3726,0.5
3854,0.5
10092,0.5
7886,0.5
5400,0.5
2004,0.5
9840,0.5
11895,0.5
4134,0.5
2582,0.5
9661,0.5
4799,0.5
10557,0.5
12200,0.5
2519,0.5
10713,0.5
6456,0.5
1069,0.5
1170,0.5
11425,0.5
5169,0.5
6438,0.5
10302,0.5
5255,0.5
10033,0.5
8299,0.5
6195,0.5
2728,0.5
7996,0.5
9470,0.5
9610,0.5
1153,0.5
1910,0.5
11197,0.5
6743,0.5
2442,0.5
4660,0.5
1861,0.5
3793,0.5
11911,0.5
927,0.5
824,0.5
4340,0.5
8537,0.5
11615,0.5
8570,0.5
10948,0.5
5983,0.5
974,0.5
2201,0.5
10309,0.5
9885,0.5
12299,0.5
4142,0.5
2,0.5
9037,0.5
4879,0.5
775,0.5
9382,0.5
6762,0.5
901,0.5
8087,0.5
10787,0.5
8085,0.5
262,0.5
7010,0.5
6697,0.5
5191,0.5
8436,0.5
8899,0.5
558,0.5
10336,0.5
217,0.5
4681,0.5
8660,0.5
3114,0.5
6703,0.5
1318,0.5
11832,0.5
1005,0.5
6819,0.5
3692,0.5
3212,0.5
918,0.5
8612,0.5
9179,0.5
2997,0.5
6944,0.5
3334,0.5
10263,0.5
4677,0.5
9709,0.5
10180,0.5
5441,0.5
9724,0.5
6873,0.5
9091,0.5
1844,0.5
7218,0.5
10191,0.5
2738,0.5
6209,0.5
2087,0.5
5144,0.5
6194,0.5
6116,0.5
9593,0.5
2437,0.5
1285,0.5
4306,0.5
11143,0.5
10183,0.5
3540,0.5
1783,0.5
11882,0.5
7421,0.5
3371,0.5
5858,0.5
9712,0.5
6857,0.5
11452,0.5
8522,0.5
9576,0.5
1079,0.5
11533,0.5
10644,0.5
8571,0.5
4705,0.5
9848,0.5
5133,0.5
8812,0.5
1977,0.5
676,0.5
3762,0.5
10972,0.5
2107,0.5
9200,0.5
9063,0.5
1126,0.5
8473,0.5
3897,0.5
11496,0.5
12162,0.5
6371,0.5
2393,0.5
8879,0.5
11595,0.5
6171,0.5
5898,0.5
12029,0.5
7623,0.5
3294,0.5
5234,0.5
2333,0.5
3711,0.5
248,0.5
3829,0.5
6480,0.5
286,0.5
7537,0.5
5526,0.5
861,0.5
4127,0.5
4730,0.5
12272,0.5
10724,0.5
5137,0.5
11993,0.5
8688,0.5
3992,0.5
11159,0.5
11066,0.5
7148,0.5
10790,0.5
7903,0.5
4651,0.5
6341,0.5
8349,0.5
3435,0.5
5669,0.5
8867,0.5
11600,0.5
969,0.5
603,0.5
8658,0.5
4798,0.5
3974,0.5
5693,0.5
6827,0.5
4074,0.5
8543,0.5
11612,0.5
2754,0.5
9300,0.5
9143,0.5
7887,0.5
4641,0.5
4674,0.5
10330,0.5
10489,0.5
10,0.5
11661,0.5
11219,0.5
11064,0.5
2689,0.5
4708,0.5
8686,0.5
9860,0.5
6268,0.5
8439,0.5
4338,0.5
1099,0.5
10279,0.5
6571,0.5
3657,0.5
3944,0.5
10841,0.5
8290,0.5
5932,0.5
10239,0.5
4954,0.5
7680,0.5
894,0.5
11516,0.5
10196,0.5
11332,0.5
9257,0.5
1465,0.5
6442,0.5
6532,0.5
2810,0.5
9836,0.5
619,0.5
11801,0.5
9547,0.5
3704,0.5
5655,0.5
9426,0.5
8358,0.5
10385,0.5
5548,0.5
3670,0.5
4209,0.5
7418,0.5
1477,0.5
5560,0.5
11897,0.5
1808,0.5
11307,0.5
557,0.5
903,0.5
789,0.5
11010,0.5
11986,0.5
6699,0.5
8084,0.5
4631,0.5
1152,0.5
6075,0.5
10904,0.5
12031,0.5
10318,0.5
7134,0.5
3916,0.5
3493,0.5
11486,0.5
11514,0.5
3046,0.5
2212,0.5
3011,0.5
8946,0.5
8845,0.5
1267,0.5
4155,0.5
6677,0.5
5002,0.5
3656,0.5
7541,0.5
7177,0.5
6804,0.5
1056,0.5
2091,0.5
10675,0.5
1062,0.5
5554,0.5
4893,0.5
10357,0.5
6530,0.5
8647,0.5
14,0.5
3440,0.5
10498,0.5
9728,0.5
11378,0.5
7073,0.5
8785,0.5
893,0.5
11677,0.5
3091,0.5
4740,0.5
10820,0.5
11406,0.5
3501,0.5
151,0.5
7964,0.5
9804,0.5
2955,0.5
4152,0.5
1848,0.5
12279,0.5
8338,0.5
10753,0.5
10443,0.5
6002,0.5
1091,0.5
5896,0.5
5739,0.5
11045,0.5
11312,0.5
9600,0.5
4368,0.5
6477,0.5
12275,0.5
11073,0.5
7985,0.5
11417,0.5
4105,0.5
12165,0.5
2495,0.5
765,0.5
244,0.5
5061,0.5
11532,0.5
3406,0.5
3250,0.5
8655,0.5
936,0.5
446,0.5
7957,0.5
6067,0.5
12018,0.5
6812,0.5
10728,0.5
7274,0.5
2985,0.5
9730,0.5
7919,0.5
12063,0.5
2346,0.5
7078,0.5
9753,0.5
3980,0.5
5456,0.5
1934,0.5
7092,0.5
11113,0.5
511,0.5
8248,0.5
10676,0.5
1131,0.5
5302,0.5
11297,0.5
8575,0.5
4785,0.5
11622,0.5
4272,0.5
11714,0.5
11237,0.5
8270,0.5
3821,0.5
12056,0.5
6775,0.5
685,0.5
12187,0.5
1489,0.5
5453,0.5
5065,0.5
9987,0.5
5269,0.5
12297,0.5
6333,0.5
9004,0.5
11122,0.5
10447,0.5
12273,0.5
7142,0.5
7131,0.5
7785,0.5
6280,0.5
11164,0.5
9315,0.5
8937,0.5
8337,0.5
9134,0.5
4453,0.5
9270,0.5
4525,0.5
6705,0.5
10108,0.5
9636,0.5
3812,0.5
3436,0.5
9949,0.5
1719,0.5
7769,0.5
5199,0.5
7793,0.5
2309,0.5
9120,0.5
1605,0.5
7549,0.5
55,0.5
7819,0.5
3529,0.5
5936,0.5
7800,0.5
4813,0.5
8553,0.5
7458,0.5
9285,0.5
8763,0.5
1308,0.5
9111,0.5
6233,0.5
9311,0.5
7166,0.5
11437,0.5
10860,0.5
7303,0.5
5408,0.5
4420,0.5
1599,0.5
4645,0.5
5381,0.5
2755,0.5
5069,0.5
3747,0.5
10909,0.5
7074,0.5
11601,0.5
6319,0.5
8652,0.5
3232,0.5
11229,0.5
9283,0.5
2456,0.5
10737,0.5
7250,0.5
9409,0.5
5323,0.5
6462,0.5
2943,0.5
5476,0.5
11624,0.5
8659,0.5
5674,0.5
398,0.5
9045,0.5
5,0.5
11000,0.5
4846,0.5
9071,0.5
7183,0.5
11096,0.5
4486,0.5
2164,0.5
3876,0.5
4955,0.5
8015,0.5
10788,0.5
7750,0.5
8035,0.5
10884,0.5
6832,0.5
2616,0.5
10395,0.5
5429,0.5
7389,0.5
9214,0.5
3955,0.5
8901,0.5
74,0.5
4477,0.5
11384,0.5
6847,0.5
10660,0.5
1518,0.5
718,0.5
832,0.5
4196,0.5
6753,0.5
1514,0.5
9689,0.5
3760,0.5
10041,0.5
11699,0.5
3937,0.5
6499,0.5
11864,0.5
2685,0.5
385,0.5
3150,0.5
1279,0.5
5031,0.5
1146,0.5
8110,0.5
3503,0.5
5754,0.5
5841,0.5
11979,0.5
10055,0.5
3724,0.5
8936,0.5
8286,0.5
2305,0.5
8947,0.5
3152,0.5
420,0.5
9189,0.5
3283,0.5
11642,0.5
9837,0.5
11990,0.5
4273,0.5
4638,0.5
6482,0.5
2722,0.5
1799,0.5
5695,0.5
144,0.5
10024,0.5
3391,0.5
3745,0.5
8606,0.5
10134,0.5
61,0.5
92,0.5
8199,0.5
411,0.5
7370,0.5
3714,0.5
8719,0.5
5448,0.5
10192,0.5
1516,0.5
9445,0.5
755,0.5
349,0.5
3035,0.5
3372,0.5
5161,0.5
6839,0.5
7439,0.5
12319,0.5
6768,0.5
1437,0.5
7591,0.5
12213,0.5
11627,0.5
11739,0.5
3238,0.5
195,0.5
6851,0.5
6954,0.5
433,0.5
7311,0.5
5353,0.5
1100,0.5
6301,0.5
4615,0.5
3183,0.5
7316,0.5
9752,0.5
6493,0.5
6822,0.5
7120,0.5
11377,0.5
4367,0.5
5206,0.5
5319,0.5
12328,0.5
2572,0.5
11074,0.5
6773,0.5
1071,0.5
121,0.5
9027,0.5
9914,0.5
10817,0.5
3108,0.5
8171,0.5
9186,0.5
5631,0.5
11011,0.5
11768,0.5
2008,0.5
2241,0.5
7967,0.5
6134,0.5
488,0.5
10474,0.5
10476,0.5
4933,0.5
9339,0.5
12114,0.5
5968,0.5
5815,0.5
10617,0.5
5293,0.5
3864,0.5
206,0.5
742,0.5
6757,0.5
7733,0.5
7153,0.5
8359,0.5
776,0.5
6402,0.5
7232,0.5
12315,0.5
8756,0.5
5060,0.5
7761,0.5
11206,0.5
4931,0.5
1136,0.5
9569,0.5
9028,0.5
11819,0.5
6844,0.5
3636,0.5
296,0.5
109,0.5
9397,0.5
6794,0.5
1823,0.5
9466,0.5
3468,0.5
5728,0.5
12143,0.5
6176,0.5
4166,0.5
3005,0.5
8264,0.5
12037,0.5
2750,0.5
3964,0.5
11140,0.5
8739,0.5
3791,0.5
8869,0.5
8870,0.5
11193,0.5
11564,0.5
2802,0.5
12254,0.5
9287,0.5
12073,0.5
8890,0.5
1900,0.5
11255,0.5
1156,0.5
4050,0.5
6243,0.5
5876,0.5
6469,0.5
5119,0.5
7545,0.5
6870,0.5
9563,0.5
6272,0.5
8604,0.5
7235,0.5
4174,0.5
9961,0.5
6,0.5
6562,0.5
1149,0.5
8333,0.5
4544,0.5
1793,0.5
9094,0.5
8185,0.5
4046,0.5
11805,0.5
6306,0.5
8566,0.5
7006,0.5
3834,0.5
7359,0.5
8892,0.5
7374,0.5
10274,0.5
3915,0.5
4853,0.5
12276,0.5
12235,0.5
2441,0.5
6501,0.5
9035,0.5
2368,0.5
6149,0.5
5594,0.5
8568,0.5
3083,0.5
1569,0.5
4218,0.5
4496,0.5
2619,0.5
9887,0.5
8288,0.5
1696,0.5
924,0.5
5787,0.5
65,0.5
7941,0.5
7112,0.5
3806,0.5
3588,0.5
130,0.5
2467,0.5
892,0.5
10296,0.5
7972,0.5
9847,0.5
7281,0.5
10576,0.5
10771,0.5
4702,0.5
11134,0.5
2635,0.5
8213,0.5
11962,0.5
6386,0.5
7075,0.5
1394,0.5
4882,0.5
9370,0.5
4180,0.5
1253,0.5
11903,0.5
577,0.5
10477,0.5
5801,0.5
236,0.5
5572,0.5
5552,0.5
12030,0.5
8435,0.5
10791,0.5
7921,0.5
9167,0.5
10469,0.5
4850,0.5
4162,0.5
11520,0.5
9515,0.5
10246,0.5
3427,0.5
10767,0.5
5869,0.5
5729,0.5
9249,0.5
2389,0.5
5946,0.5
7794,0.5
536,0.5
5095,0.5
4158,0.5
4663,0.5
6845,0.5
2263,0.5
873,0.5
1323,0.5
3668,0.5
8158,0.5
6124,0.5
12317,0.5
7247,0.5
1150,0.5
1166,0.5
5458,0.5
275,0.5
8245,0.5
2133,0.5
3840,0.5
7714,0.5
8839,0.5
12101,0.5
2343,0.5
6139,0.5
2893,0.5
514,0.5
6543,0.5
8042,0.5
612,0.5
12080,0.5
520,0.5
4970,0.5
1452,0.5
5840,0.5
8860,0.5
8924,0.5
1744,0.5
592,0.5
4979,0.5
10442,0.5
6220,0.5
3043,0.5
10396,0.5
534,0.5
11264,0.5
3329,0.5
3120,0.5
7865,0.5
4238,0.5
10297,0.5
1737,0.5
7693,0.5
8547,0.5
7201,0.5
4135,0.5
8066,0.5
7486,0.5
5686,0.5
1592,0.5
9586,0.5
3299,0.5
743,0.5
4918,0.5
1620,0.5
11640,0.5
4932,0.5
10096,0.5
1032,0.5
1576,0.5
12087,0.5
9172,0.5
8385,0.5
2271,0.5
11518,0.5
2747,0.5
9130,0.5
7524,0.5
11348,0.5
10680,0.5
5751,0.5
11192,0.5
10985,0.5
448,0.5
9254,0.5
9156,0.5
4713,0.5
10340,0.5
7322,0.5
933,0.5
11633,0.5
9868,0.5
4652,0.5
6123,0.5
3976,0.5
6990,0.5
5819,0.5
11380,0.5
10290,0.5
1147,0.5
6968,0.5
10850,0.5
10977,0.5
1671,0.5
6338,0.5
3751,0.5
8075,0.5
3187,0.5
9514,0.5
4622,0.5
1670,0.5
10530,0.5
2306,0.5
6354,0.5
8172,0.5
2302,0.5
3987,0.5
9173,0.5
8535,0.5
9779,0.5
12149,0.5
9937,0.5
833,0.5
6618,0.5
11856,0.5
6308,0.5
2826,0.5
10261,0.5
3158,0.5
6516,0.5
11357,0.5
2273,0.5
10943,0.5
7343,0.5
1678,0.5
6535,0.5
2520,0.5
10802,0.5
7441,0.5
9761,0.5
12094,0.5
5348,0.5
4009,0.5
3029,0.5
7372,0.5
5969,0.5
740,0.5
4335,0.5
12225,0.5
9376,0.5
8577,0.5
5717,0.5
2433,0.5
22,0.5
5004,0.5
10190,0.5
5407,0.5
11366,0.5
4328,0.5
7956,0.5
678,0.5
6450,0.5
1524,0.5
6625,0.5
1292,0.5
5184,0.5
2902,0.5
4111,0.5
2097,0.5
6641,0.5
8609,0.5
9097,0.5
1675,0.5
1998,0.5
8013,0.5
2197,0.5
5355,0.5
3330,0.5
1988,0.5
3816,0.5
3546,0.5
8026,0.5
2163,0.5
1687,0.5
8624,0.5
8771,0.5
3959,0.5
3367,0.5
2972,0.5
9797,0.5
11522,0.5
2040,0.5
1929,0.5
2264,0.5
8697,0.5
2683,0.5
8911,0.5
3111,0.5
12132,0.5
9539,0.5
11390,0.5
3990,0.5
2334,0.5
9685,0.5
9969,0.5
4084,0.5
8036,0.5
8217,0.5
10440,0.5
9555,0.5
11442,0.5
9295,0.5
9721,0.5
2783,0.5
3289,0.5
10200,0.5
5644,0.5
695,0.5
9161,0.5
7519,0.5
167,0.5
1031,0.5
9427,0.5
2648,0.5
1689,0.5
4266,0.5
11907,0.5
3756,0.5
638,0.5
6058,0.5
11290,0.5
8304,0.5
9380,0.5
8154,0.5
5000,0.5
7966,0.5
367,0.5
12203,0.5
1035,0.5
237,0.5
6508,0.5
1971,0.5
10211,0.5
8131,0.5
10356,0.5
6472,0.5
1248,0.5
2375,0.5
9316,0.5
1066,0.5
10493,0.5
2682,0.5
387,0.5
1965,0.5
5716,0.5
4165,0.5
6905,0.5
401,0.5
4187,0.5
1233,0.5
11713,0.5
11005,0.5
3033,0.5
680,0.5
11510,0.5
8063,0.5
3265,0.5
9291,0.5
4254,0.5
11841,0.5
7508,0.5
2026,0.5
6652,0.5
7454,0.5
834,0.5
6927,0.5
7679,0.5
9813,0.5
3869,0.5
11741,0.5
8915,0.5
2216,0.5
9796,0.5
4614,0.5
1048,0.5
2373,0.5
3698,0.5
6125,0.5
3296,0.5
7212,0.5
3498,0.5
5605,0.5
3041,0.5
5713,0.5
7365,0.5
2055,0.5
2699,0.5
3297,0.5
11670,0.5
3080,0.5
9096,0.5
1796,0.5
9043,0.5
7844,0.5
6370,0.5
435,0.5
724,0.5
8506,0.5
2962,0.5
5156,0.5
675,0.5
7621,0.5
2269,0.5
8460,0.5
4924,0.5
8155,0.5
4838,0.5
10982,0.5
5064,0.5
9146,0.5
1798,0.5
6145,0.5
6731,0.5
3631,0.5
7594,0.5
134,0.5
3447,0.5
1493,0.5
8636,0.5
4881,0.5
4495,0.5
4649,0.5
1805,0.5
4279,0.5
6245,0.5
7574,0.5
